memory.used [MiB], memory.total [MiB]
923 MiB, 16376 MiB
memory.used [MiB], memory.total [MiB]
923 MiB, 16376 MiB
memory.used [MiB], memory.total [MiB]
933 MiB, 16376 MiB
memory.used [MiB], memory.total [MiB]
1263 MiB, 16376 MiB
memory.used [MiB], memory.total [MiB]
1263 MiB, 16376 MiB
memory.used [MiB], memory.total [MiB]
1331 MiB, 16376 MiB
memory.used [MiB], memory.total [MiB]
1331 MiB, 16376 MiB
memory.used [MiB], memory.total [MiB]
1353 MiB, 16376 MiB
memory.used [MiB], memory.total [MiB]
1346 MiB, 16376 MiB
memory.used [MiB], memory.total [MiB]
1346 MiB, 16376 MiB
memory.used [MiB], memory.total [MiB]
1346 MiB, 16376 MiB
memory.used [MiB], memory.total [MiB]
1290 MiB, 16376 MiB
memory.used [MiB], memory.total [MiB]
938 MiB, 16376 MiB
